AA#,unmodified,S177D
1,0.582153624,0.56487148
2,0.584128209,0.5614837
3,0.477005115,0.48451067
4,0.456876729,0.454600411
5,0.431246676,0.430202075
6,0.488690082,0.456426367
7,0.561410458,0.541997518
8,0.530629599,0.479829683
9,0.590050699,0.532814715
10,0.592224915,0.60055714
11,0.604181161,0.604269168
12,0.450121439,0.447905235
13,0.466790867,0.468582289
14,0.474752292,0.46641323
15,0.465048746,0.444076961
16,0.429627655,0.403632642
17,0.450607332,0.411900207
18,0.468120381,0.405122436
19,0.465867112,0.426194878
20,0.470120403,0.433311082
21,0.498531178,0.443115688
22,0.563236129,0.485410831
23,0.601836775,0.525311518
24,0.801573283,0.648682581
25,0.618340189,0.603519397
26,0.56389701,0.520152668
27,0.620886986,0.557218371
28,0.59528284,0.531591551
29,0.534250242,0.485736118
30,0.52199481,0.479707045
31,0.502110808,0.441112876
32,0.528719219,0.475510653
33,0.591770656,0.54210475
34,0.738043114,0.721092137
35,0.860594461,0.785579226
36,0.855871051,0.867113055
37,0.659482703,0.613923115
38,0.634314428,0.575645458
39,0.651403577,0.566458764
40,0.574087116,0.493437016
41,0.537103557,0.468530763
42,0.52291324,0.443726196
43,0.494991678,0.418197746
44,0.508904411,0.419458269
45,0.582603714,0.483898736
46,0.56901686,0.498580178
47,0.553639924,0.485534001
48,0.593379622,0.531264735
49,0.773838273,0.568911489
50,0.93541466,0.680398666
51,0.723344413,0.610143057
52,0.732452214,0.605757444
53,0.635355986,0.533526112
54,0.641085279,0.570718798
55,0.61736635,0.553117707
56,0.624555575,0.573740493
57,0.717143536,0.673620399
58,0.897825497,0.825583957
59,1.248371189,0.958402291
60,1.406834669,0.840588254
61,1.438734648,0.962335838
62,0.986846338,0.916940741
63,0.802076394,0.754664489
64,0.618457326,0.645306192
65,0.665481562,0.706993268
66,0.728833533,0.740880295
67,0.612838216,0.595506291
68,0.540209039,0.571640979
69,0.661450755,0.738423827
70,0.685570738,0.967256947
71,0.541838707,0.599622906
72,0.507624983,0.512701456
73,0.445480073,0.445542646
74,0.415013,0.423091645
75,0.395625242,0.38482339
76,0.432363128,0.418338645
77,0.561213302,0.516281015
78,0.578870593,0.523541314
79,0.766553522,0.763479277
80,0.9780485,0.99557071
81,1.370004469,1.447934775
82,1.625927807,1.502448209
83,2.122180664,1.796340421
84,2.438959598,2.207385874
85,2.396314612,2.240104484
86,1.754884058,1.633250396
87,1.456735698,1.524698934
88,1.222664217,1.364506715
89,1.161382175,1.210718782
90,1.217249718,1.131821761
91,1.071874331,1.009994583
92,0.816575578,0.849672797
93,0.872273735,0.858302334
94,0.867848489,0.839522631
95,0.684248568,0.709265954
96,0.635780386,0.647644089
97,0.730985857,0.700859967
98,0.649166575,0.649071622
99,0.565856441,0.564361372
100,0.598006978,0.584226746
101,0.63610105,0.633150864
102,0.530981156,0.551978534
103,0.531024585,0.552149506
104,0.603207017,0.605339444
105,0.588903762,0.589947697
106,0.536782602,0.539251326
107,0.611607746,0.606315196
108,0.711375588,0.715550633
109,0.624362359,0.669295736
110,0.635463143,0.680483409
111,0.890903155,0.762445851
112,0.679502527,0.687101017
113,0.548494917,0.541678533
114,0.488766344,0.468051419
115,0.405021553,0.377115536
116,0.374857451,0.34814466
117,0.394343565,0.347322313
118,0.488488245,0.423608539
119,0.569093758,0.491696396
120,0.63795898,0.614457916
121,0.632322287,0.537148279
122,0.512595646,0.451088681
123,0.512330419,0.454847491
124,0.542465271,0.472891168
125,0.515817954,0.449637769
126,0.441745258,0.397679679
127,0.50706106,0.453458641
128,0.532684664,0.489477044
129,0.494574111,0.462957758
130,0.519610963,0.482831776
131,0.590141593,0.536462005
132,0.559462068,0.548623331
133,0.523532321,0.538216121
134,0.610996635,0.612767188
135,0.700798397,0.6959512
136,0.699966052,0.70877329
137,0.766374873,0.740527937
138,0.642352459,0.637960608
139,0.572841623,0.585301439
140,0.584945062,0.602542343
141,0.570853146,0.560391558
142,0.572336999,0.511266189
143,0.491020883,0.451271903
144,0.401262778,0.398258988
145,0.384580009,0.357001901
146,0.403060908,0.365626867
147,0.395176045,0.375906659
148,0.392675911,0.381706865
149,0.399812471,0.428686241
150,0.405654138,0.48307752
151,0.451992431,0.470904053
152,0.576817381,0.669784494
153,0.526828213,0.622490503
154,0.449368956,0.541124753
155,0.473164962,0.545238664
156,0.511318785,0.667768088
157,0.493881926,0.682255187
158,0.506443656,0.614681816
159,0.561877149,0.670183147
160,0.636227334,0.797479959
161,0.706768647,0.884141295
162,0.761593482,1.029684941
163,0.852755404,1.04981296
164,0.920496192,1.138133925
165,0.866547918,1.224786109
166,0.79847678,1.170986177
167,0.662999282,1.098715653
168,0.759016805,1.289710788
169,0.844410637,1.28399735
170,0.740354862,1.041019018
171,0.788700352,1.002582565
172,0.629457766,0.649136087
173,0.606196132,0.591161065
174,0.517922845,0.501490006
175,0.552400947,0.513408541
176,0.546033529,0.499587399
177,0.573871469,0.549156151
178,0.644010546,0.51564205
179,0.698507272,0.648437171
180,0.871430867,0.638197579
181,0.944994333,0.650063783
182,0.550868718,0.544546085
183,0.478225478,0.5190039
184,0.500262253,0.54335358
185,0.502766142,0.557445821
186,0.570571601,0.639919886
187,0.610766482,0.707258727
188,0.750470118,0.780698613
189,0.7523105,0.794779519
190,0.813937785,0.881945323
191,1.019678235,1.052374774
192,0.844985136,0.978678638
193,1.018612366,1.221075174
194,1.146166548,1.215575766
195,0.883242335,0.968086069
196,0.907222102,1.010601432
197,0.905878214,1.025500754
198,1.111232383,1.128810981
199,0.820065305,0.910464223
200,0.665232245,0.779809205
201,0.668982575,0.806131812
202,0.673529437,0.816616955
203,0.574260056,0.696237698
204,0.530694043,0.633303089
205,0.55732926,0.677160215
206,0.534827613,0.631445499
207,0.484115696,0.541236155
208,0.504813353,0.533886843
209,0.59292638,0.628288842
210,0.710794483,0.808862429
211,0.788242175,0.781685869
212,0.841540469,0.763126962
213,0.84925431,0.774714128
214,0.708950842,0.579629184
215,0.803830344,0.657508226
216,0.903743853,0.758205213
217,0.811433483,0.711321741
218,0.862348506,0.693923286
219,1.119190425,1.057712974
220,1.41403496,1.603985424
221,1.57829873,1.672580791
222,1.157759255,1.063046737
223,0.926518515,0.751106533
224,0.628116028,0.576701283
225,0.530762906,0.497546476
226,0.523398431,0.439961125
227,0.509489941,0.42502373
228,0.462368614,0.441734913
229,0.48550838,0.461544556
230,0.474109347,0.433534801
231,0.447228883,0.435172852
232,0.445865296,0.436507871
233,0.456613976,0.446010322
234,0.475448708,0.467360763
235,0.44397693,0.420977415
236,0.443152897,0.420335593
237,0.505934909,0.476014738
238,0.495087882,0.493949578
239,0.465299259,0.476340547
240,0.546328743,0.560721992
241,0.608884073,0.618032319
242,0.625499351,0.642304279
243,0.673090102,0.669193767
244,0.772477278,0.776012471
245,0.915978285,0.899707518
246,0.877075997,0.840955362
247,1.060660886,0.984286912
248,0.971741135,1.018034481
249,0.678756346,0.709960697
250,0.661976213,0.658913215
251,0.565078658,0.550930994
252,0.551212786,0.534277756
253,0.42127004,0.388369278
254,0.404565528,0.355523638
255,0.44411746,0.427608434
256,0.522033589,0.500401467
257,0.600862606,0.543496303
258,0.778138568,0.674086603
259,0.885588245,0.721631316
260,0.904302532,0.750457361
261,0.869741208,0.764294871
262,1.247024596,1.021857279
263,1.269882018,1.0557401
264,1.1685174,1.008990347
265,0.845226249,0.731278308
266,0.72840817,0.615500849
267,0.545938268,0.46388971
268,0.519991693,0.432269519
269,0.477535486,0.411614024
270,0.557057562,0.570799778
271,0.61641785,0.582017595
272,0.615047455,0.579508426
273,0.647107597,0.622073837
274,0.608901069,0.602828108
275,0.708319352,0.704406322
276,0.789231179,0.815462424
277,0.832682801,1.005574484
278,0.667053384,0.672175734
279,0.612845145,0.57602562
280,0.793228474,0.735719093
281,0.874194347,0.735750346
282,0.80395233,0.647049563
283,0.828340011,0.728680588
284,0.921493964,0.822624061
285,0.820644328,0.76536286
286,1.010332099,0.91279491
287,1.044393197,0.914848013
288,0.948171996,0.861857342
289,0.921432644,0.859163612
290,1.031243989,0.926153876
291,0.966362666,0.85856911
292,0.76556993,0.720186816
293,0.880899869,0.774436075
294,0.966955305,0.837000285
295,0.818236985,0.740658491
296,0.779550807,0.674518531
297,1.055471613,0.879101317
298,1.081102652,0.937668502
299,0.792925471,0.750931394
300,0.889450087,0.775364001
301,1.007405673,0.906391888
302,0.876967782,0.71512175
303,0.707010627,0.572963086
304,0.826613477,0.631625079
305,0.86954029,0.691572538
306,0.750077668,0.612377578
307,0.659530267,0.558647853
308,0.737822113,0.699728244
309,0.789529782,0.714965328
310,0.712263571,0.640866255
311,0.738987783,0.717770679
312,0.830016218,0.856838582
313,0.784042272,0.786769062
314,0.770513506,0.808454652
315,1.127595339,1.351765694
316,1.444077329,1.791171544
317,2.379394495,2.499039444
318,0.583108527,0.577008111
319,0.588951904,0.568857784
320,0.525269451,0.492470068
321,0.506761187,0.455465988
322,0.48187913,0.427254531
323,0.500321326,0.48402562
324,0.639320683,0.567896123
325,0.56723,0.493493289
326,0.603206488,0.541666796
327,0.698589713,0.578233838
328,0.656482492,0.559393909
329,0.485960013,0.418492194
330,0.488553822,0.433488728
331,0.468496141,0.415404342
332,0.492364171,0.415109454
333,0.462267354,0.393191744
334,0.45562951,0.40253903
335,0.472645051,0.396692783
336,0.469565647,0.402236517
337,0.467820259,0.408722899
338,0.494877113,0.428730981
339,0.55566725,0.483908123
340,0.56951263,0.536870617
341,0.743393876,0.693148609
342,0.593345081,0.561370105
343,0.550669524,0.510579734
344,0.614377756,0.572431591
345,0.60406293,0.532836521
346,0.526683454,0.470706541
347,0.517680556,0.445963696
348,0.506626758,0.431787016
349,0.51479083,0.471228981
350,0.616742407,0.574537156
351,0.771938248,0.921896533
352,0.805072461,1.247047687
353,0.845948136,0.850919806
354,0.621518105,0.602139597
355,0.592383334,0.586992537
356,0.630224757,0.587886874
357,0.60211236,0.497742866
358,0.526742749,0.469135343
359,0.513525786,0.476064036
360,0.49410141,0.449013035
361,0.494581058,0.43112556
362,0.534392685,0.475871489
363,0.479141476,0.486841586
364,0.507396501,0.493265192
365,0.560280023,0.594577045
366,0.579193823,0.575331695
367,0.729391348,0.824553772
368,0.66820771,0.642151749
369,0.649963529,0.627570532
370,0.579143237,0.540944386
371,0.637102392,0.549739795
372,0.599383355,0.524683843
373,0.597166337,0.570233532
374,0.692371564,0.749232461
375,0.913873583,1.040108609
376,1.172772063,1.244555616
377,1.095368249,1.203504166
378,1.176175032,1.209084388
379,0.951202035,0.943420268
380,0.814522192,0.772853417
381,0.629496037,0.642724753
382,0.660834848,0.687771401
383,0.726492896,0.712426292
384,0.605475044,0.58178143
385,0.553612413,0.557348089
386,0.687319461,0.667708588
387,0.813898985,0.89546068
388,0.60835917,0.573386598
389,0.533716012,0.53271962
390,0.508362464,0.475579701
391,0.487804469,0.433944219
392,0.450669429,0.401049378
393,0.456465432,0.403922363
394,0.568853022,0.511253939
395,0.566397108,0.563350357
396,0.751362194,0.796303629
397,1.009085142,0.914199522
398,1.407333339,1.28177966
399,1.718567688,1.506197342
400,1.957748526,1.73486296
401,2.401604877,1.840923661
402,2.675302545,1.842783501
403,2.140374428,1.412236079
404,2.085501477,1.403062596
405,1.862972254,1.271060833
406,1.7627923,1.158306336
407,1.556365089,1.076652672
408,1.205953557,0.977426022
409,1.075495674,0.824600242
410,1.101313153,0.832421969
411,1.043471006,0.809584312
412,0.830012104,0.679683564
413,0.79804436,0.627550276
414,0.859575399,0.692564824
415,0.760174297,0.654603126
416,0.640131035,0.548401694
417,0.699735399,0.568656176
418,0.739067832,0.607512935
419,0.569512393,0.534525166
420,0.570358592,0.542533599
421,0.635123857,0.603164039
422,0.568508089,0.606484635
423,0.542128584,0.577738577
424,0.683445616,0.715985997
425,0.720412474,0.778774419
426,0.667395253,0.69554673
427,0.685647394,0.737972507
428,0.987373215,0.914442525
429,0.733455641,0.805205987
430,0.55934724,0.578255942
431,0.502152676,0.517873544
432,0.439047555,0.395416821
433,0.413765656,0.370659787
434,0.397044048,0.361710196
435,0.508631335,0.466986006
436,0.564606076,0.544309199
437,0.619570903,0.654869329
438,0.619102962,0.56546913
439,0.462806537,0.461649093
440,0.499518858,0.466703351
441,0.535078904,0.505027933
442,0.49589004,0.463042239
443,0.41104492,0.402263209
444,0.499458471,0.482628653
445,0.536391319,0.511145309
446,0.459860231,0.464209855
447,0.481789063,0.499852292
448,0.58040021,0.565779999
449,0.545282684,0.561005911
450,0.536430144,0.569184163
451,0.655214702,0.651477762
452,0.728600606,0.717598327
453,0.687246911,0.751945876
454,0.819124707,0.797963372
455,0.746669113,0.714062328
456,0.628564781,0.650981678
457,0.62391843,0.634412432
458,0.587940562,0.609976498
459,0.574891985,0.585152321
460,0.509045134,0.499360384
461,0.433077251,0.401124822
462,0.431822949,0.375267304
463,0.412562236,0.389655654
464,0.531672961,0.408450642
465,0.535341314,0.426814616
466,0.580762642,0.414524834
467,0.558288268,0.501605937
468,0.51565059,0.426531841
469,0.67076977,0.546619753
470,0.647562735,0.53530758
471,0.51306974,0.486246016
472,0.52828216,0.534097637
473,0.661632478,0.640305039
474,0.640057168,0.645124311
475,0.570413975,0.63859981
476,0.621979103,0.736574134
477,0.736022005,0.933815133
478,0.799535602,1.064725501
479,0.864020913,1.138561175
480,0.924327937,1.176865516
481,1.012881665,1.300609771
482,1.050881584,1.274357455
483,1.052794216,1.152015887
484,0.937959725,0.885344101
485,1.22989239,1.013769111
486,1.36746674,1.687537407
487,1.049522826,1.364231114
488,1.00129316,1.235904656
489,0.730530566,0.737743597
490,0.654956619,0.596704673
491,0.516383862,0.509909371
492,0.516335338,0.512078048
493,0.529148901,0.527916214
494,0.517177171,0.538030138
495,0.456663032,0.506964516
496,0.649413662,0.658620463
497,0.716112016,0.688719236
498,0.850227995,0.715899451
499,0.571024378,0.563622177
500,0.49359556,0.523038179
501,0.5696039,0.534436886
502,0.558175822,0.551218571
503,0.662870365,0.647450354
504,0.741349589,0.796797471
505,0.947567493,0.878098541
506,1.021660505,0.869571621
507,1.027342032,0.938137561
508,1.378691368,1.085267241
509,1.160727246,0.921410632
510,1.896430811,1.122796933
511,2.23685344,1.289833513
512,1.47725787,1.004496522
513,1.242552181,1.087062248
514,1.244479473,1.164457494
515,1.511961554,1.349929655
516,1.141920173,1.04246999
517,0.850033062,0.841512798
518,0.864476607,0.899145829
519,0.82853186,0.912563306
520,0.661810498,0.759257062
521,0.620535121,0.679491499
522,0.694885257,0.735347691
523,0.622277018,0.666355417
524,0.513090878,0.577656789
525,0.505556556,0.563141668
526,0.626278075,0.636628541
527,0.874922158,0.740031492
528,0.779256349,0.726542711
529,0.770552458,0.755877437
530,0.733544848,0.724776057
531,0.613561466,0.552441522
532,0.627141646,0.686523352
533,0.703764049,0.771135281
534,0.707506746,0.640465447
535,0.74908388,0.673861533
536,1.037857452,0.888014699
537,1.830403689,1.381353762
538,1.871992615,1.387784385
539,1.213926152,1.032813263
540,0.839252537,0.807308445
541,0.652319842,0.565030351
542,0.532264841,0.495570554
543,0.531271806,0.455422301
544,0.512392324,0.441395293
545,0.476425489,0.425908826
546,0.515543384,0.468945231
547,0.502937952,0.44701018
548,0.47790089,0.443611805
549,0.480763156,0.437221152
550,0.501594531,0.440767794
551,0.516308801,0.454194848
552,0.427014812,0.419432299
553,0.45771965,0.424169432
554,0.52437994,0.490397323
555,0.500504027,0.490744863
556,0.503421908,0.459756207
557,0.63564429,0.539611614
558,0.669779322,0.60604986
559,0.680659078,0.618495409
560,0.735168167,0.662007032
561,0.899679212,0.791151435
562,0.992871944,0.876983604
563,0.940503247,0.878782507
564,1.109741484,1.110585618
565,1.064407984,1.067441972
566,0.693701816,0.697605666
567,0.648432657,0.653615178
568,0.564138395,0.540916065
569,0.535280646,0.45655433
570,0.452981757,0.392491187
571,0.386355338,0.366165289
572,0.482604675,0.444264374
573,0.61876524,0.62490218
574,0.854300819,0.855675769
575,1.132627965,1.034357268
576,1.104120579,1.158423914
577,0.981879617,0.892166625
578,1.063939409,0.941813878
579,1.469811819,1.358356663
580,1.339737877,1.161821868
581,1.239352645,1.190370974
582,0.868612313,0.758053071
583,0.711643058,0.709703847
584,0.529376474,0.490180517
585,0.499285933,0.472548668
586,0.463349941,0.428824348
587,0.56708493,0.534674792
588,0.593052698,0.536954635
589,0.566645817,0.528012743
590,0.62104008,0.583148925
591,0.593488754,0.568674173
592,0.703546583,0.690430285
593,0.795227711,0.762161648
594,0.772218352,0.823944587
595,0.615782556,0.599046047
596,0.566650808,0.555317876
597,0.701033915,0.658153548
598,0.727246397,0.671155387
599,0.672320182,0.639006074
600,0.764339362,0.717295049
601,0.898601753,0.820079899
602,0.803109882,0.727160574
603,1.010646439,0.966614995
604,1.02577475,1.049131735
605,0.942643253,0.885939378
606,0.973720278,0.963468606
607,1.036109305,0.971829163
608,0.947222156,0.857452044
609,0.811748482,0.750486193
610,0.890940376,0.87140912
611,0.948742685,0.905514627
612,0.821624138,0.7708071
613,0.759309629,0.742442155
614,0.892206111,0.902912991
615,0.894840548,0.961690576
616,0.729759377,0.768260368
617,0.773999127,0.799470449
618,0.932347952,0.948338402
619,0.797481947,0.749722799
620,0.676676084,0.620262797
621,0.813184635,0.700133182
622,0.852057092,0.734464854
623,0.705100562,0.632213974
624,0.663265827,0.588921426
625,0.827857812,0.709648919
626,0.836708803,0.722590878
627,0.739121111,0.628059604
628,0.805231984,0.64818696
629,1.010107661,0.758607999
630,0.96518962,0.722645926
631,0.92056123,0.706382403
632,1.447876886,1.154187906
633,1.97617939,3.650129478
634,2.316886399,3.488830924
